GISJOIN,YEAR,REGIONA,DIVISIONA,STATE,STATEA,COUNTYA,COUSUBA,PLACEA,AIANHHA,ANRCA,CBSAA,CSAA,METDIVA,NECTAA,CNECTAA,NECTADIVA,UAA,CDCURRA,SDELMA,SDSECA,SDUNIA,PUMA5A,NAME_E,KDLE001,KDLE002,KDLE003,KDLE004,KDLE005,KDLE006,KDLE007,KDLE008,KDLE009,KDLE010,KDLE011,KDLE012,KDLE013,KDLE014,KDLE015,KDLE016,KDLE017,KDLE018,KDLE019,KDLE020,KDLE021,KDLE022,KDLE023,KDLE024,KDLE025,KDLE026,KDLE027,KDLE028,KDLE029,KDLE030,KDLE031,KDLE032,KDLE033,KDLE034,KDLE035,KDLE036,KDLE037,KDLE038,KDLE039,KDLE040,KDLE041,KDLE042,KDLE043,KDLE044,KDLE045,KDLE046,KDLE047,KDLE048,KDLE049,KDLE050,KDLE051,KDLE052,KDLE053,KDLE054,KDLE055,KDLE056,KDLE057,KDLE058,KDLE059,KDLE060,KDLE061,KDLE062,KDLE063,KDLE064,KDLE065,KDLE066,KDLE067,KDLE068,KDLE069,KDLE070,KDLE071,KDLE072,KDLE073,KDLE074,KDLE075,KDLE076,KDLE077,KDLE078,KDLE079,KDLE080,KDLE081,KDLE082,KDLE083,KDLE084,KDLE085,KDLE086,KDLE087,KDLE088,KDLE089,KDLE090,KDLE091,KDLE092,KDLE093,KDLE094,KDLE095,KDLE096,KDLE097,KDLE098,KDLE099,KDLE100,KDLE101,KDLE102,KDLE103,KDLE104,KDLE105,KDLE106,KDLE107,KDLE108,NAME_M,KDLM001,KDLM002,KDLM003,KDLM004,KDLM005,KDLM006,KDLM007,KDLM008,KDLM009,KDLM010,KDLM011,KDLM012,KDLM013,KDLM014,KDLM015,KDLM016,KDLM017,KDLM018,KDLM019,KDLM020,KDLM021,KDLM022,KDLM023,KDLM024,KDLM025,KDLM026,KDLM027,KDLM028,KDLM029,KDLM030,KDLM031,KDLM032,KDLM033,KDLM034,KDLM035,KDLM036,KDLM037,KDLM038,KDLM039,KDLM040,KDLM041,KDLM042,KDLM043,KDLM044,KDLM045,KDLM046,KDLM047,KDLM048,KDLM049,KDLM050,KDLM051,KDLM052,KDLM053,KDLM054,KDLM055,KDLM056,KDLM057,KDLM058,KDLM059,KDLM060,KDLM061,KDLM062,KDLM063,KDLM064,KDLM065,KDLM066,KDLM067,KDLM068,KDLM069,KDLM070,KDLM071,KDLM072,KDLM073,KDLM074,KDLM075,KDLM076,KDLM077,KDLM078,KDLM079,KDLM080,KDLM081,KDLM082,KDLM083,KDLM084,KDLM085,KDLM086,KDLM087,KDLM088,KDLM089,KDLM090,KDLM091,KDLM092,KDLM093,KDLM094,KDLM095,KDLM096,KDLM097,KDLM098,KDLM099,KDLM100,KDLM101,KDLM102,KDLM103,KDLM104,KDLM105,KDLM106,KDLM107,KDLM108
"G010","2008-2010",,,"Alabama","01",,,,,,,,,,,,,,,,,,"Alabama",4592781,114,129,94,614288,11024,541,435,669,5309,805,662,429,1423,751,521,23,958,4059,84,1531,899,15371,234,1922,3694,39,544,1193,0,4756,1993,4702,54375,1079,433595,58,41051,2301,89982,10089,363959,121,8004,44,4905,195,1827,490975,307,82968,254,1640,334,168,61,245,1258,15822,536,33548,4220,1684,8397,3287,84524,96587,331,894,1744,379,0,35717,0,290,84,898,156,1937,0,47,16,366,552,132,67,30830,342,19581,4632,1704,2549,18093,8201,239,141,128,112,259,811,1105,3792,335,153,1056,70,1173,1991211,"Alabama",18533,126,98,87,10216,1563,311,501,529,1055,553,331,296,475,481,217,36,722,688,73,423,343,1224,113,664,712,47,262,355,158,848,508,842,2873,394,7781,49,2432,519,3900,1340,7322,188,1192,44,771,194,544,9784,217,3439,146,400,183,110,59,201,396,1345,247,1724,954,471,925,610,3584,4480,202,408,595,167,158,2340,158,201,103,389,165,681,158,75,26,168,599,135,87,2202,166,1606,770,800,582,1446,1315,113,114,90,64,179,265,464,818,203,216,522,54,379,11522
"G020","2008-2010",,,"Alaska","02",,,,,,,,,,,,,,,,,,"Alaska",874115,0,636,19,22399,1183,133,8,0,664,78,23,77,117,83,381,16,484,2058,188,501,447,4569,222,100,2937,102,527,1052,0,3707,1212,6231,15867,693,67730,238,15595,4753,24539,6837,136783,147,2308,11,1801,76,166,86008,114,25717,310,877,196,182,276,124,1902,29363,623,17515,2663,955,9335,4128,9851,22891,269,331,925,154,0,3433,0,263,0,17,0,152,20,0,464,29,533,12,0,1695,248,19396,3237,123,1626,6812,1849,119,0,45,0,181,411,381,329,68,44,248,23,828,295587,"Alaska",6943,140,488,31,1651,407,102,14,140,357,80,38,60,141,77,183,26,216,480,105,174,255,972,263,59,712,103,278,484,140,753,305,982,1386,294,3062,232,1649,871,2051,888,3241,140,609,16,449,84,128,3348,125,2150,167,277,133,147,265,103,611,1941,258,1636,740,451,1164,810,1190,2090,179,186,264,100,140,1028,140,218,140,28,140,153,32,140,210,47,445,18,140,627,202,2028,695,85,472,752,536,115,140,71,140,169,363,314,178,76,70,168,38,310,3951
"G040","2008-2010",,,"Arizona","04",,,,,,,,,,,,,,,,,,"Arizona",7309788,1866,2283,135,277007,30646,1796,5763,924,8370,638,1143,3244,5514,3254,6783,3050,2098,14997,1900,6649,2707,24703,2041,1236,20517,16,1323,7771,82,29340,6956,47646,102118,6085,620592,521,64740,13295,175224,32286,1007581,256,23420,324,30661,1772,7317,670199,1973,286336,1740,12645,1454,414,1308,338,4583,117357,3354,162894,15619,11979,57885,16974,63933,127350,5126,2357,10537,2657,0,28509,240,1075,620,487,985,2322,0,153,4130,1549,1143,129,121,13089,2466,105870,18442,2866,13345,41632,8714,90,302,746,54,432,870,914,3336,393,144,1155,278,11139,2922315,"Arizona",23189,1010,928,96,8751,3420,574,1851,481,1429,425,645,751,1430,1027,1377,1199,540,1217,529,933,1058,1771,618,402,1603,25,422,890,66,2069,1047,2829,3821,945,9958,293,3441,1484,4981,2207,13268,157,2117,242,2219,601,1613,11272,717,6687,507,1372,404,203,644,205,704,4498,781,4723,1546,1606,3132,1348,2878,3996,1047,487,1109,553,174,3276,185,494,370,305,564,954,174,197,1630,493,837,138,166,1906,881,3927,1695,855,1272,2514,1436,117,243,549,69,328,401,502,721,246,136,448,445,1662,14701
"G050","2008-2010",,,"Arkansas","05",,,,,,,,,,,,,,,,,,"Arkansas",2923889,0,0,19,299659,5396,557,343,128,1418,179,397,590,1423,361,491,126,381,2290,338,1122,684,7364,176,2002,2154,21,461,863,12,7073,2334,5608,51515,230,295597,175,23094,1788,63350,5713,344506,4,3572,0,3990,89,568,380831,25,49062,230,1267,116,52,44,6,817,13386,892,24641,2595,1360,5109,2871,42785,51304,470,378,1070,111,0,9620,0,53,60,46,67,741,0,15,178,47,0,0,0,8006,407,18796,5850,403,1364,13540,4984,215,95,17,25,25,3061,534,740,128,0,118,26,415,1156730,"Arkansas",17857,158,158,30,6643,1338,505,327,155,611,236,238,370,757,302,393,111,230,498,501,280,353,828,108,661,449,34,234,315,20,1210,711,990,2414,124,6435,142,1954,446,3148,855,5739,6,807,158,819,79,330,7651,26,2833,202,424,134,47,52,9,338,1290,342,1951,534,465,904,769,2487,2432,202,184,348,73,158,1307,158,56,82,53,105,736,158,23,223,47,158,158,158,1090,321,1662,961,239,406,1696,845,163,131,26,43,40,618,361,347,128,158,126,43,164,11262
"G060","2008-2010",,,"California","06",,,,,,,,,,,,,,,,,,"California",42347701,34108,4371,756,813519,258226,38875,18856,13374,56925,8560,18365,18794,43294,41183,252902,32075,19296,78049,18966,27263,30252,142170,11497,3297,89658,248,8178,46020,817,91518,26080,194949,414683,57944,2436530,3893,493672,50945,762777,114352,3468924,1432,132326,3045,132468,7394,216523,2731887,28024,1537665,10797,49974,3099,3400,7502,4420,47903,396986,7104,512573,367838,69337,441158,65537,259362,549565,16629,12899,23988,8045,356,287407,2030,24913,2392,3409,1171,22224,783,737,7534,9380,2239,1822,688,200874,7211,448708,111008,22084,96645,179963,74799,954,1058,19959,335,2088,2794,7100,26860,4650,537,8208,256,36021,23453895,"California",41550,3225,950,221,12650,8451,3370,2765,2387,3872,1581,2627,2227,3719,3977,7944,3462,1863,2746,1556,2109,2725,3532,1588,746,3603,151,1034,2772,458,2963,1675,5642,7796,2334,18591,668,9567,2403,10241,3907,18672,482,5154,706,4546,1287,7884,25357,3078,15434,1132,2406,502,734,934,778,3043,8144,839,8701,8216,4284,9540,3467,5381,8051,1849,1429,1543,936,232,9409,523,2518,700,985,613,2889,562,373,1894,1404,657,999,341,7946,1350,8284,4456,1977,4747,4445,3837,418,332,2574,187,704,519,1251,2044,858,358,1395,156,2711,34562
"G080","2008-2010",,,"Colorado","08",,,,,,,,,,,,,,,,,,"Colorado",6087940,1352,759,213,221813,16524,913,785,738,5634,1318,724,1199,2292,2921,3076,115,2718,21521,1633,6604,2660,26224,2192,1027,14778,0,1601,6738,162,38766,6190,46117,95174,7541,576480,1079,96087,11988,164435,27906,1113783,420,20161,36,21825,1354,4956,628504,1065,256232,2099,10463,927,251,362,544,9125,114162,2141,128521,10199,5533,59604,18521,69996,133803,2335,4012,9442,5922,0,28890,57,8117,1090,118,271,690,151,20,1891,1036,1342,447,0,12259,1401,137173,25166,1693,12786,46444,7086,99,56,559,48,361,366,887,3623,204,0,861,22,7757,1781174,"Colorado",17093,709,379,150,6919,2017,419,499,498,935,584,500,349,996,829,727,124,742,1681,418,901,721,1763,671,328,1431,161,457,836,152,2289,777,2758,3316,1002,8936,347,4077,1453,4948,2014,10546,187,1882,42,1434,571,1078,8766,361,6581,632,1094,306,134,142,260,1157,3753,420,4439,1084,805,2754,1700,2758,3559,568,688,1032,713,161,2559,75,1476,415,104,250,256,121,32,777,439,855,411,161,1552,728,3942,1746,421,1400,2579,1177,82,65,390,45,242,183,591,999,139,161,355,35,1225,10595
"G090","2008-2010",,,"Connecticut","09",,,,,,,,,,,,,,,,,,"Connecticut",4533954,368,10226,86,85492,19318,1611,609,305,9045,1597,515,2252,1753,1631,6080,829,1188,13960,76,2576,16767,16661,698,159,17898,162,516,3233,116,15957,6162,13537,30957,12040,354674,795,26800,6709,222421,102295,356213,94,31336,4126,39835,579,2758,605864,1198,677632,1920,30691,133,799,326,290,2786,18802,856,294724,55827,6298,69283,3474,21649,71816,1044,1753,21523,1428,38,28974,4059,456,1965,354,221,1971,32,39,288,943,408,64,22,16952,1200,66040,9855,4517,22520,14635,86971,187,1333,233,83,1968,261,19064,52797,3221,408,7267,149,4083,982508,"Connecticut",13493,255,2038,55,3527,1904,646,391,259,1136,806,416,639,652,630,978,396,356,1080,62,454,2388,1428,294,85,1354,132,221,622,86,1478,780,1383,2018,1763,6364,338,1957,831,5983,3874,5850,66,2352,1185,2499,311,728,8070,411,8845,406,2005,112,477,189,203,695,1525,283,6797,3046,997,2919,766,1440,2706,419,337,1841,403,63,2740,1081,222,764,224,178,1039,43,65,253,340,385,79,35,1871,388,2851,1020,1148,1757,1420,3824,173,514,297,79,881,185,2463,3184,998,336,1443,107,938,6781
"G100","2008-2010",,,"Delaware","10",,,,,,,,,,,,,,,,,,"Delaware",1065807,0,251,36,35283,2436,179,3,69,983,181,133,168,574,146,430,11,46,1818,149,327,201,3653,146,127,1724,0,216,388,0,2342,1035,1734,14895,1315,107625,366,6009,460,19273,2942,143844,0,4506,454,4570,79,446,162614,202,87585,190,2766,27,0,95,7,410,3955,2878,45743,1810,1238,7534,1009,9474,16500,220,545,2268,166,0,8851,25,66,349,652,374,753,8,156,18,119,37,16,0,5829,449,6848,2221,897,5649,9712,9499,0,208,46,46,189,22,2695,4884,733,71,580,25,374,315383,"Delaware",7473,154,180,40,2393,851,143,5,65,684,149,95,144,379,115,189,20,46,346,240,144,160,726,136,148,419,154,133,167,154,462,322,517,1782,421,3622,459,975,177,1603,444,4458,154,702,309,619,80,278,4826,160,3377,136,522,32,154,87,8,272,657,538,3028,491,567,924,455,1038,1145,159,235,538,93,154,1419,40,82,283,505,242,378,13,147,31,141,54,27,154,1272,286,868,492,666,759,1111,1852,154,154,39,73,113,35,994,1500,429,60,326,40,213,4006
"G110","2008-2010",,,"District Of Columbia","11",,,,,,,,,,,,,,,,,,"District of Columbia",633940,159,262,57,7713,4392,289,146,27,1602,363,284,320,729,632,697,23,317,2129,220,663,483,4111,366,96,953,28,0,597,22,1659,368,1677,3607,4239,31540,136,7773,898,10037,1710,40106,0,2281,402,2474,17,1216,42069,281,18014,254,1269,125,154,35,256,450,3724,64,11087,1203,1052,9989,965,3569,7930,392,181,977,322,0,16196,133,3039,272,31,66,2088,0,71,26,113,39,60,0,9274,984,4299,1920,466,1781,2757,8434,118,247,174,84,399,23,978,3418,1412,241,1340,0,210,360087,"District of Columbia",4524,146,184,63,1018,813,161,170,45,450,236,260,180,462,228,266,36,175,462,137,223,210,558,283,63,374,46,171,233,36,403,180,548,506,711,1679,116,1005,315,1052,391,2111,171,457,160,551,28,396,2121,178,1302,139,291,129,147,45,174,207,556,76,1020,372,344,994,298,494,663,167,106,255,187,171,1969,83,770,151,47,74,674,171,93,41,70,52,56,171,1449,517,653,406,206,396,475,1249,109,135,226,90,230,39,383,911,552,144,523,171,148,3583
"G120","2008-2010",,,"Florida","12",,,,,,,,,,,,,,,,,,"Florida",20768879,953,11707,464,1297215,98219,11095,2341,2639,32996,8765,6501,9832,15479,8571,13829,726,4960,55210,1757,15271,72711,87220,5965,3014,69804,412,2867,17358,184,59285,16535,46124,224951,25322,1569344,2034,189775,29229,498479,115456,2173912,471,91934,21054,103302,2714,12541,1954930,15063,1206338,4785,42213,1036,2528,2897,969,7128,118568,9371,502726,71438,35860,237861,19466,185762,317387,10122,6937,31573,6419,191,148660,2774,3766,1193,696,1355,7468,87,311,0,5652,1032,42,525,121344,2415,160059,36845,15993,47623,100743,772819,28108,5262,3779,1127,10491,2085,395186,250978,30007,4356,40067,1373,20205,7732056,"Florida",33429,623,2313,205,15534,4849,1692,850,1053,2287,1670,1553,1318,1710,1260,1432,274,824,2310,625,1323,3899,3680,1239,717,3429,232,630,1790,131,2910,1627,2247,6441,1697,14492,571,6568,2236,8054,4349,19112,270,3966,2594,3602,688,1581,18725,1976,13657,755,2213,247,618,758,324,1188,4183,1035,7922,3731,2405,5498,1817,4453,6706,1488,889,2044,898,144,6817,845,1152,474,335,587,1335,84,220,177,1095,800,74,256,6114,815,5110,1870,2084,2599,3454,12834,2656,897,982,525,1552,759,9948,8480,2540,1187,3121,483,2469,24153
"G130","2008-2010",,,"Georgia","13",,,,,,,,,,,,,,,,,,"Georgia",9759251,1311,1146,230,1008057,23788,1949,1408,570,8258,983,905,1997,3779,3939,2676,255,1643,12210,155,4604,12020,39309,2036,1788,12993,50,1051,4522,0,15373,4551,13795,85724,8083,839485,411,95247,5836,148759,23980,751404,465,21368,7128,20112,614,9960,849925,1254,216416,1511,8110,224,321,305,110,4183,35310,1507,101863,12126,11908,42203,7694,132516,178899,1978,1813,6856,1216,35,192564,856,11296,4691,2160,2181,22520,569,738,2012,3545,661,294,125,133401,7515,43165,12548,4680,13505,40251,110279,3311,1848,906,391,3400,969,24331,52483,7267,1792,13402,179,10429,4531408,"Georgia",23663,776,417,118,13095,2375,597,647,324,1062,419,433,595,1081,1214,733,142,416,1053,111,1050,2359,2708,570,508,1314,57,295,950,171,1622,723,1370,3445,1352,12725,191,4645,889,4478,2037,11245,350,2012,1358,1928,351,1544,10345,441,5938,416,1120,117,169,183,125,850,2279,381,3939,1456,1713,2720,1306,4214,4819,506,420,953,343,43,9294,310,1916,1359,769,893,2793,463,669,1144,1119,555,243,145,7942,1866,2204,1306,996,2205,2099,6268,993,536,518,237,829,395,2840,4047,1267,793,2276,106,1793,18510
"G150","2008-2010",,,"Hawaii","15",,,,,,,,,,,,,,,,,,"Hawaii",1732402,0,0,18,9156,2325,365,24,22,577,222,68,302,447,298,582,29,900,2022,92,713,1060,3073,377,199,2203,79,233,613,19,2264,491,3926,11108,356,58062,43,7990,1802,23905,3007,90627,23,2049,42,2796,87,354,66963,51,28971,357,991,61,34,136,148,940,10379,200,12926,57364,741,5037,2205,6751,15194,419,176,528,351,0,1596,59,54,0,61,110,10,0,0,0,232,0,0,0,1007,63,11244,2960,305,1420,5676,2553,68,66,15,0,0,45,744,1032,58,42,384,99,420,1262680,"Hawaii",8485,158,158,29,1200,667,208,37,35,258,206,81,198,372,228,267,39,397,437,100,329,535,541,362,154,880,98,127,300,29,492,211,778,1458,152,2721,68,1228,540,1868,624,2845,39,547,67,658,72,198,3094,44,2243,340,367,53,39,196,132,337,1057,127,1357,3072,417,795,677,904,1379,265,119,203,157,158,523,93,60,158,102,158,16,158,158,158,177,158,158,158,380,61,1250,602,145,427,965,861,99,100,23,158,158,50,661,585,60,67,219,105,209,7929
"G160","2008-2010",,,"Idaho","16",,,,,,,,,,,,,,,,,,"Idaho",1782726,320,146,27,155454,1837,129,47,87,712,57,0,148,332,325,983,0,580,3847,7158,1374,347,8422,183,194,4878,0,325,1327,56,7484,1823,35825,36556,503,263859,70,30187,4737,45063,9438,301940,56,5484,41,3705,594,529,159097,51,48487,328,1468,173,37,92,201,2523,53032,666,20498,8141,1262,9932,9744,20374,51084,391,508,1016,425,0,3451,126,222,0,12,29,0,0,0,522,294,230,0,21,1387,608,50324,12609,785,2569,20877,650,0,0,0,0,0,280,56,311,3,0,0,0,3627,362952,"Idaho",10909,319,149,46,5410,521,115,54,116,310,75,154,171,227,219,384,154,438,638,955,385,174,1296,164,154,711,154,139,361,89,909,460,2398,2204,296,5684,70,2149,641,2037,1159,5764,54,845,66,630,232,255,4758,59,2990,219,378,98,56,90,141,652,2654,221,1681,1021,517,1467,1071,1486,3294,307,321,310,208,154,979,130,161,154,18,49,154,154,154,649,234,272,154,35,529,378,2657,1136,594,707,1774,250,154,154,154,154,154,199,56,186,6,154,154,154,1328,5347
"G170","2008-2010",,,"Illinois","17",,,,,,,,,,,,,,,,,,"Illinois",15059550,1476,10712,664,581947,81817,5519,5976,5308,12760,3654,12443,4616,20657,10884,7740,16594,3183,39547,794,34497,5719,33445,14189,531,15536,141,976,45068,212,125689,17875,50591,192868,20454,809046,1228,113153,17800,262280,35421,2599644,457,105268,1440,52356,834,9995,1633378,4733,805087,6971,92288,6065,4630,223,557,7223,169125,5108,979499,9870,33444,132395,15777,86757,154201,21410,6018,41211,14295,136,76005,274,3495,3289,633,618,12537,41,254,392,1969,656,88,161,48064,3534,293955,39812,6953,50676,52666,30423,366,830,4586,108,371,264,8659,11969,1249,155,1866,0,20760,4946712,"Illinois",29314,1069,1807,210,8906,5000,1177,1651,1187,1488,1084,2507,1092,3194,1788,1040,2444,941,2259,351,2009,1079,2250,1700,185,1617,105,239,2540,145,4104,1571,2493,4117,1621,8921,346,4526,1419,5757,1910,15671,217,5044,550,2639,211,1230,11175,1099,12456,1236,3355,653,939,102,276,1042,4404,800,13096,1163,2527,3758,1539,2717,3772,2017,972,2361,1270,91,4657,368,1291,778,378,377,1988,52,234,287,613,436,73,204,3705,1346,6422,1757,1190,2618,2528,2910,252,697,1040,91,185,160,1947,1554,524,181,510,154,2228,14084
"G180","2008-2010",,,"Indiana","18",,,,,,,,,,,,,,,,,,"Indiana",6882368,463,687,337,639872,18660,1514,1096,741,4668,476,1284,2761,4208,1912,802,464,1396,8938,58,13677,1439,22524,1247,580,9302,56,654,12471,75,18691,5233,13855,140842,2948,613454,278,61698,4924,160944,17021,1663732,52,22815,188,37163,206,2645,825263,316,183798,911,11344,591,5364,205,296,3212,36107,13138,205911,4373,9066,26416,6505,64607,121061,10239,1968,20104,3076,0,86612,0,1262,492,816,815,3881,230,33,399,779,485,102,108,75764,1446,63785,45375,1352,8458,37848,6254,103,111,130,44,347,309,1703,2040,278,0,1046,143,6293,1572129,"Indiana",23846,284,307,178,10300,2156,587,679,416,845,237,646,855,980,676,292,266,478,997,75,1182,526,1765,394,257,926,50,225,1299,94,1499,752,1274,4463,571,8973,180,2922,694,4359,1056,13542,53,2003,164,2280,109,776,9873,149,5314,327,1167,234,1085,176,184,682,2014,2302,5531,707,1331,2081,873,2590,3952,1565,443,1415,723,154,4969,154,517,449,356,744,980,292,40,515,385,503,83,157,4889,666,2824,2878,411,1132,2304,1186,114,141,122,51,311,135,624,557,206,154,604,106,1156,11024
"G190","2008-2010",,,"Iowa","19",,,,,,,,,,,,,,,,,,"Iowa",3618518,318,714,116,163163,5728,451,434,86,2300,93,166,794,889,515,239,15,647,5314,40,8618,725,7126,416,440,3442,28,212,3580,39,62572,5226,64980,147435,1250,289939,113,31024,3144,79018,10193,1185959,79,7268,105,4077,262,954,466336,442,67870,1216,2969,5755,53,32,98,3295,171938,4553,39130,2319,1068,10837,8709,29458,50289,1266,777,1817,470,0,17415,0,753,133,554,478,409,37,71,1036,118,1191,240,34,11471,890,99302,15429,1242,2760,22393,2086,218,28,82,0,261,116,83,911,151,102,126,8,9785,482891,"Iowa",12033,276,501,57,4717,1012,377,394,118,505,67,171,262,445,220,125,24,222,967,42,980,284,862,192,252,594,32,113,545,61,2304,668,2826,3645,357,5206,101,2248,575,3221,1169,10307,113,1021,108,764,139,501,6928,305,2891,413,625,611,53,42,78,616,3899,687,2169,491,308,1222,1075,1617,2452,521,276,453,189,132,2013,132,425,119,394,330,185,46,114,1182,72,561,204,63,1380,443,3112,1434,620,700,1601,658,187,44,63,132,250,79,73,431,152,159,137,12,1763,5792
"G200","2008-2010",,,"Kansas","20",,,,,,,,,,,,,,,,,,"Kansas",3274702,59,129,32,194693,8340,766,391,330,3218,110,386,743,1833,563,555,62,549,5635,128,5344,858,10454,479,671,2833,0,264,7345,0,26140,3481,16886,62828,1879,300920,71,38029,2535,90878,10080,853351,1545,4323,120,4261,501,1542,381944,245,64347,363,2051,510,127,51,163,1935,32996,3744,40727,3015,1269,23340,4019,36920,59436,808,943,1593,1340,0,17092,0,1079,71,1367,66,444,80,21,556,259,263,75,139,11828,844,67516,15103,934,2786,22316,3240,0,373,23,49,152,586,848,847,173,14,175,0,739,825290,"Kansas",13490,54,119,39,5331,1751,391,368,244,1047,62,524,265,738,254,263,74,176,642,106,898,423,978,219,457,518,140,187,1251,140,1742,541,1401,2762,506,5811,81,2461,697,3887,1106,8850,412,727,137,661,315,505,7218,232,3044,211,441,179,132,84,128,543,1998,729,2408,691,400,1793,642,2136,2544,356,329,427,415,140,1847,140,642,73,568,103,266,126,34,263,157,358,93,227,1554,469,2785,1300,359,598,1374,787,140,424,38,49,126,258,525,369,151,22,129,140,260,8700
"G210","2008-2010",,,"Kentucky","21",,,,,,,,,,,,,,,,,,"Kentucky",4275103,137,817,103,858705,10272,355,533,1275,3868,260,491,663,1723,1104,953,0,1011,3578,157,1555,802,15722,568,406,3633,0,681,897,0,5099,964,4119,54781,1737,486776,59,34882,2521,77728,7890,668612,118,6459,199,6421,6,1247,587465,118,90687,351,1929,196,65,91,154,1109,13085,1428,38716,3073,1789,9541,3150,64781,82935,503,716,2401,606,0,30436,17,827,44,185,94,387,176,73,1261,329,365,24,15,25615,1024,16581,10925,933,3944,22524,5753,124,362,19,0,45,918,1291,1985,365,0,625,19,6207,1013296,"Kentucky",19214,129,474,93,14724,1440,173,293,905,686,138,267,351,670,467,445,158,318,621,132,465,359,1272,370,204,731,158,273,247,158,799,234,935,2903,432,8177,75,2154,572,3106,1173,10140,109,1127,232,772,10,432,10480,98,4079,229,537,145,58,66,144,377,1390,655,2526,657,607,1027,715,2777,3414,239,226,551,202,158,3140,26,555,52,205,88,204,187,116,677,181,338,38,26,3172,437,1656,1520,438,902,1589,1620,159,416,29,158,51,736,556,685,234,158,371,31,1559,10840
"G220","2008-2010",,,"Louisiana","22",,,,,,,,,,,,,,,,,,"Louisiana",4813916,26,260,161,410545,15812,464,986,814,6352,225,1061,1061,3411,1438,419,0,529,2789,136,4683,2532,8184,481,47228,5191,20,288,2942,19,5459,1602,4093,26015,1274,299309,66,18319,1320,662026,107765,384776,239,5902,151,4852,227,1277,356059,482,222688,267,1932,23,67,66,62,882,11101,359,21728,4547,1418,7709,2030,43361,44890,320,514,1234,163,0,37856,179,369,40,257,56,2287,0,33,150,341,0,0,45,33593,506,13050,3108,1151,1915,10336,7111,165,83,699,0,401,614,1740,2134,460,87,728,0,1927,1988643,"Louisiana",13883,31,183,105,9039,2278,244,812,521,928,171,596,384,1071,613,207,161,226,479,98,736,798,868,299,2963,796,32,152,793,30,1120,456,682,1922,392,6826,61,1898,467,10490,4071,8118,199,950,146,789,223,405,6639,326,5875,152,572,36,58,80,55,314,1236,167,1847,814,540,1071,405,2077,2399,157,195,333,94,161,3396,167,246,40,197,96,1060,161,54,207,217,161,161,74,3114,396,1515,607,490,542,1282,1005,208,119,338,161,259,403,705,630,242,91,315,161,532,10811
"G230","2008-2010",,,"Maine","23",,,,,,,,,,,,,,,,,,"Maine",1641840,290,929,23,95114,3636,58,0,0,2465,16,80,540,441,36,1549,21,408,2570,162,899,339,6652,293,915,15633,0,356,408,5,2097,935,6361,13363,1562,298746,142,8714,6788,227312,100841,109043,0,6302,32,4161,45,218,236555,360,76714,295,5584,21,69,108,61,1340,9744,413,30055,8414,1131,9286,2988,23517,73054,252,472,1878,318,0,6912,124,582,41,43,0,117,0,0,3024,58,1118,0,0,1492,313,25361,2602,182,2802,11865,1749,16,128,0,18,82,29,451,854,29,0,142,0,337,190537,"Maine",8781,462,311,32,3630,723,50,132,132,481,26,85,320,291,43,492,33,347,517,222,357,200,856,192,236,1418,132,177,205,8,335,341,612,1062,397,5214,112,1161,933,5620,3750,4206,132,870,50,712,37,145,6205,385,2879,136,706,33,63,108,50,404,897,172,1907,1006,372,1092,681,1443,2931,170,192,438,218,132,752,68,401,68,84,132,116,132,132,756,49,635,132,132,574,264,1797,520,121,523,1184,544,26,141,132,28,88,32,277,365,42,132,139,132,155,4923
"G240","2008-2010",,,"Maryland","24",,,,,,,,,,,,,,,,,,"Maryland",6570319,1202,1192,212,243234,27651,3809,830,651,7369,2416,1470,2112,4561,4433,5228,186,1191,15857,470,3910,6593,25121,2307,358,7982,142,734,3468,318,24302,5602,12909,57075,19362,490038,1247,63358,4806,106817,20077,912716,425,33592,5356,26519,484,14656,689097,3690,307405,3370,18228,367,293,194,528,4711,29700,3632,198324,10635,7558,84118,5371,48599,99361,2579,2635,13308,1864,0,170616,831,19801,6940,2198,4550,25021,817,3104,527,1118,742,795,276,88263,15633,35097,12880,5097,22267,43043,67428,790,1270,219,234,2343,164,11756,31467,9016,594,9398,177,2047,2529580,"Maryland",16973,483,383,119,6234,2589,977,505,317,986,629,777,462,1059,1204,1076,140,318,1168,247,617,1282,1642,777,171,986,106,252,610,302,1727,692,1469,2951,1574,7971,466,3630,888,3884,1692,10224,186,2132,1142,1775,201,1865,9333,675,7130,785,1318,148,184,156,233,779,1873,484,5064,1467,964,3401,770,2048,3378,714,583,1268,475,165,6913,295,2629,1494,763,1457,2988,509,1022,368,411,489,464,171,4717,2259,2262,1209,1086,1670,2243,4627,279,472,130,155,579,136,2360,2917,1479,352,1736,250,635,15099
"G250","2008-2010",,,"Massachusetts","25",,,,,,,,,,,,,,,,,,"Massachusetts",8198781,636,15848,292,208076,65510,3946,1484,970,33285,6394,802,6551,5566,6512,29392,253,1977,16383,243,5084,66275,28626,3347,598,58276,12,2581,3071,308,12807,3717,15604,47860,25775,734374,811,53714,26313,531625,260683,432580,0,87193,1522,21383,1185,8637,1514396,4401,895949,4962,51768,318,767,340,350,5785,34152,793,335852,315769,9065,120328,7960,47384,164699,1170,1818,7259,1309,55,115196,56461,4146,3720,4314,1822,6128,360,1063,2030,1589,631,2436,162,26333,4001,125781,12168,6639,25091,24933,112595,824,5013,400,623,2134,146,65126,23475,5544,339,8797,174,4474,1472684,"Massachusetts",16338,521,2227,192,6701,3914,784,662,347,2628,1394,442,1010,1274,1433,1875,102,622,1232,119,790,4434,1819,949,228,2868,18,1089,680,186,1433,701,1299,2181,1958,9342,377,3176,1975,8530,5676,8366,165,3938,578,1313,632,1211,12025,882,11294,876,2273,175,390,173,170,768,1959,203,6148,6040,1270,3801,950,2510,4577,363,423,895,273,67,4215,3896,1018,970,1330,786,1412,298,635,991,530,429,1041,146,2313,1053,3705,1318,996,1628,1546,5714,468,1124,318,593,593,131,4517,2666,1130,216,1322,185,1090,9684
"G260","2008-2010",,,"Michigan","26",,,,,,,,,,,,,,,,,,"Michigan",12046924,197,24364,180,453504,155775,3390,22288,3477,58051,1529,5189,8573,33017,20261,16410,36184,2669,22179,284,55198,2488,30753,3510,533,49833,335,1782,20638,86,52070,16525,41949,501462,9036,1005743,474,91300,111068,496904,170141,2208857,428,44941,467,103140,1006,4155,1180470,1827,469837,4477,32136,753,11419,12295,328,5656,84959,8331,891970,6028,30930,75886,12832,82640,238118,8695,6090,27921,4885,153,57033,184,1435,560,883,573,4932,312,45,796,1053,825,94,514,42210,2617,170122,25031,2814,41193,50624,13706,416,485,199,206,366,319,2675,6752,1032,52,1171,33,19712,2731485,"Michigan",24496,136,2513,97,9721,6322,730,2718,980,3682,471,1168,1197,3277,3136,1461,3470,690,1519,205,2542,494,1639,688,250,2351,263,671,1535,74,2309,1237,2001,7106,1060,9810,159,4060,3253,7489,4052,15669,237,2181,198,3219,323,1057,10268,533,7957,692,1922,192,1647,1261,214,805,3077,809,9256,847,2241,2855,1337,2804,5135,945,699,1697,665,222,3966,203,349,274,583,292,1586,223,50,460,356,416,77,437,3239,1220,3774,1577,614,2252,2206,1839,254,276,146,288,203,151,1198,1009,462,45,374,44,2128,13394
"G270","2008-2010",,,"Minnesota","27",,,,,,,,,,,,,,,,,,"Minnesota",6978388,307,299,80,145154,18743,2764,788,778,6842,768,1293,1246,1818,2446,1147,107,1221,18399,101,16196,1334,12758,877,102,7597,274,663,8299,4,97027,10251,82902,106185,5857,326050,744,63520,103872,207683,53096,1942177,333,12623,1819,13816,3766,2594,596519,751,127137,3476,6497,5580,223,124,149,12447,856755,2436,257099,3607,7206,44082,75139,30415,68779,4202,3901,7472,10184,30,106901,4,15008,840,3242,7618,6980,0,679,32398,647,1841,672,167,32318,4487,487545,23344,1159,15504,23353,4560,202,71,79,52,61,99,827,1999,374,0,698,98,8193,915642,"Minnesota",17582,202,198,62,4247,1905,864,431,544,979,339,524,532,512,710,399,62,294,1184,80,1188,411,1055,279,67,841,149,243,986,6,3144,785,2809,2768,863,5607,282,3238,3248,4391,2446,11390,186,1293,782,1453,567,618,8171,334,4305,693,853,665,129,83,98,1376,7538,439,5016,545,1379,2305,3338,1540,2602,660,572,856,1041,49,4912,6,1903,329,1031,1416,1352,123,473,3622,268,829,492,151,2894,1045,7540,1432,413,1534,1721,825,115,65,68,72,48,95,395,506,187,123,347,131,1337,7198
"G280","2008-2010",,,"Mississippi","28",,,,,,,,,,,,,,,,,,"Mississippi",2817337,0,7,57,325308,7004,160,58,164,4365,115,400,715,793,234,269,185,215,1553,59,656,180,6417,124,2142,1522,0,243,1308,0,2057,802,2485,22961,164,247683,50,19078,1173,86091,8030,174792,66,3333,199,2828,99,754,281045,123,54182,272,657,22,102,91,34,845,6646,169,15435,1588,256,3624,1452,49068,46206,190,1086,736,338,0,17278,0,93,392,126,0,404,0,0,0,50,48,0,0,15723,442,8034,2857,287,694,9737,1876,176,25,47,0,30,287,379,687,127,0,118,0,1870,1390643,"Mississippi",12812,168,13,95,7889,1636,98,78,130,1046,115,627,443,510,152,185,181,123,418,58,257,110,880,180,541,422,168,152,431,168,492,300,658,2383,157,6113,58,1942,449,4140,1109,5130,74,730,191,715,82,554,7368,140,3048,278,241,37,164,106,40,474,1010,101,1687,470,116,640,387,2687,2842,148,722,360,324,168,1956,168,106,356,198,168,225,168,168,168,61,46,168,168,1980,340,1205,638,166,289,1288,552,198,42,78,168,35,130,321,296,126,168,85,168,799,8506
"G290","2008-2010",,,"Missouri","29",,,,,,,,,,,,,,,,,,"Missouri",6675583,1578,3738,187,548214,18639,1250,1940,553,4879,1062,1196,1341,4046,2372,2246,107,1395,11819,281,5981,1808,17662,1843,1083,6449,0,961,10016,54,29979,5999,20919,110441,3504,600998,576,65217,4675,216927,15245,1593336,429,15395,223,14511,549,3641,868879,614,214965,809,5425,415,655,181,346,3936,44878,3482,110199,5909,5518,31151,7717,78463,109783,2391,1783,5116,1474,17,36322,102,1237,651,1165,1129,3097,142,164,1407,346,954,135,148,23685,1960,65371,23974,1648,9051,38971,6593,318,43,122,23,507,698,1362,2613,116,0,765,26,13640,1639282,"Missouri",20099,854,1371,97,9493,2119,513,978,445,789,525,637,450,999,703,653,96,345,1009,140,941,555,1633,577,423,911,151,318,1150,65,2288,922,1512,4061,685,7861,622,3352,789,5782,1234,12136,204,1661,165,1357,269,824,9759,310,5433,346,636,178,288,146,230,768,2455,786,3913,1164,1097,2064,1040,2801,3733,768,347,732,442,27,3144,164,505,421,723,995,983,227,194,757,209,533,127,109,2478,931,2576,1913,506,1126,1925,1285,286,47,120,30,388,251,464,803,117,151,300,41,2142,10320
"G300","2008-2010",,,"Montana","30",,,,,,,,,,,,,,,,,,"Montana",1235706,0,0,12,63144,2183,15,46,35,1203,0,44,245,221,374,194,0,358,5727,461,2425,305,2876,147,410,2905,21,97,2576,0,8077,1979,13152,26588,311,127873,226,13503,7441,38945,9546,276411,166,3648,0,3685,434,45,155530,0,35159,489,1569,304,0,24,0,1887,92280,748,22736,2585,752,10394,6892,16611,33092,713,1130,1282,922,0,1284,0,118,15,0,58,76,0,0,0,8,0,0,0,1009,0,32544,6431,131,2484,10456,488,0,0,0,0,0,37,90,311,0,0,17,33,2348,178570,"Montana",7393,140,140,19,3389,541,24,70,51,341,140,50,260,140,323,123,140,209,783,169,492,190,483,89,255,703,35,69,559,140,825,413,1345,1501,216,3606,145,1232,1007,2116,995,4534,125,995,140,608,241,42,4094,140,2091,332,443,134,140,38,140,509,3038,208,1833,617,253,1273,866,1176,1975,227,315,417,423,140,467,140,126,24,140,100,103,140,140,140,10,140,140,140,433,140,1640,896,101,720,843,222,140,140,140,140,140,48,73,206,140,140,29,53,485,3751
"G310","2008-2010",,,"Nebraska","31",,,,,,,,,,,,,,,,,,"Nebraska",2268158,811,183,72,65575,5925,171,1263,201,1828,77,137,804,821,623,155,14,430,3986,283,1868,313,4400,70,186,2008,0,204,1830,0,96916,5989,50169,39077,606,168748,112,17584,1777,47987,5927,740684,271,3496,0,3254,270,538,267572,186,50002,320,2611,895,15,59,15,1201,37484,2256,67187,2097,955,12391,4878,18296,27071,901,768,1040,520,0,13008,0,333,409,0,69,635,0,0,1644,121,2910,70,12,6061,744,88636,7761,226,1867,11362,1405,112,0,0,0,0,39,284,595,160,87,126,2,1011,372444,"Nebraska",9061,1194,150,63,2914,1211,137,869,189,413,81,128,294,386,318,105,20,192,663,178,334,219,732,65,116,575,132,145,450,132,3457,719,2168,2389,306,4515,103,1493,440,2758,854,6506,124,586,132,693,146,285,4739,136,2826,166,491,264,24,95,24,429,1999,404,2984,723,338,1290,864,1151,1807,340,346,311,267,132,2091,132,240,532,132,110,323,132,132,865,98,1508,90,19,1512,493,2736,813,131,533,1093,595,100,132,132,132,132,36,225,432,219,143,83,6,392,5315
"G320","2008-2010",,,"Nevada","32",,,,,,,,,,,,,,,,,,"Nevada",3136644,857,1762,115,99694,12939,885,740,276,5702,960,399,1182,1861,934,5752,254,822,6782,4742,2030,1715,8481,2148,212,8606,22,595,3661,0,10176,2052,19631,34000,2078,237101,71,31747,5557,65698,12473,345101,74,10946,291,14855,678,5230,268630,1110,168030,747,4486,261,449,868,328,1579,40856,596,62906,16345,4610,27685,5338,23195,48444,3413,1205,3428,867,0,27946,399,5887,289,501,332,725,0,11,557,818,327,129,44,16980,947,36571,8862,2152,4878,18017,7104,96,97,1153,0,136,126,1039,2873,467,43,1074,0,4176,1382614,"Nevada",13763,540,966,108,4246,2144,500,464,161,1463,389,289,468,1072,416,1253,155,278,1055,859,470,688,1082,668,140,1153,35,285,655,177,1130,382,1706,2189,458,6093,56,2596,987,3030,1223,7700,61,1267,248,1837,351,1247,6497,372,5736,335,710,188,217,494,200,455,1990,195,3469,1652,942,2206,914,1704,2416,842,416,662,262,177,3187,545,1672,292,447,543,379,177,22,391,465,265,122,72,2142,679,2676,1055,878,890,1570,1443,159,71,638,177,105,107,707,878,193,70,429,177,930,8522
"G330","2008-2010",,,"New Hampshire","33",,,,,,,,,,,,,,,,,,"New Hampshire",1712735,0,1008,46,57385,8371,187,44,0,5678,367,28,1085,608,374,3281,25,421,2738,42,1707,2821,6878,167,93,16513,0,325,509,0,3090,955,3513,12218,1712,239900,270,10506,8041,219183,111234,118157,0,20924,90,3809,59,352,290914,406,135631,559,8326,0,0,248,96,949,12592,365,59731,19007,1599,12302,1821,15808,61385,341,230,1608,251,0,5133,410,261,415,313,88,314,0,0,0,85,889,89,253,1570,446,28960,3210,494,3614,9122,3731,5,49,24,70,108,3,1732,1494,88,10,127,21,1472,176487,"New Hampshire",8715,147,451,40,2884,1420,144,50,147,1018,238,21,493,318,261,839,42,172,483,46,399,956,1002,140,88,1780,147,138,213,147,720,226,623,1274,385,4960,168,1281,1194,5438,3839,4323,147,1851,132,670,54,145,6099,419,4317,205,1011,147,147,171,112,370,1414,151,2903,1865,487,1176,617,1360,2541,259,138,459,141,147,994,229,175,339,183,94,195,147,147,147,93,563,106,318,423,283,1939,664,269,718,1129,835,8,62,38,83,157,7,588,501,75,17,109,34,647,3493
"G340","2008-2010",,,"New Jersey","34",,,,,,,,,,,,,,,,,,"New Jersey",10623679,2923,12896,440,286701,84909,27120,490,3193,13106,5405,5069,13274,10889,6363,17236,910,2213,39661,573,7151,35934,23065,2567,91,12585,444,801,12268,617,31419,11508,17728,104596,36726,493326,1764,60660,6080,116951,22427,1051134,148,65199,19564,107807,703,7522,1361878,10397,1499532,4064,34121,312,4945,1324,379,3076,43074,7288,559361,81125,19737,192852,5435,39116,97646,4849,7884,39267,1593,291,92718,1529,1849,9833,2419,3370,17415,617,615,243,1933,1258,300,168,46865,4304,54480,17720,17593,70798,36939,148654,655,3562,927,345,5584,587,56182,55878,11272,637,12841,184,7997,3457987,"New Jersey",19266,1201,2044,158,8940,4703,2840,295,1015,1466,1290,1452,1817,1684,1089,1570,349,477,1860,244,1057,2843,1728,660,67,1448,206,251,1358,229,1957,1127,1520,3573,2418,7865,411,3798,876,3579,1849,12492,98,4166,2746,4195,338,1262,11608,1502,15927,739,2061,176,1155,401,190,620,2810,832,9187,4360,1675,5359,811,1890,2966,932,1062,1966,370,200,5841,556,628,1814,857,1075,2478,406,393,276,565,1233,259,131,3869,1266,2435,1457,2094,3875,1830,6330,286,886,420,178,1119,419,4424,3828,1605,383,1565,142,1419,13847
"G350","2008-2010",,,"New Mexico","35",,,,,,,,,,,,,,,,,,"New Mexico",2255431,174,253,49,66570,5956,542,129,343,2596,65,114,372,1066,729,965,202,648,2940,748,1340,477,6359,255,320,2871,0,777,1431,23,5353,1917,6444,22397,1710,155902,251,18422,2530,42688,6029,209186,68,4730,135,4309,242,988,155119,526,48947,330,1809,135,85,32,102,1691,17550,359,23203,4206,998,9211,4261,20856,34168,400,733,1608,582,0,3749,67,196,28,36,0,299,0,0,0,93,0,28,0,2859,143,19206,4554,565,2455,10976,2598,63,46,51,0,98,934,196,764,145,0,301,0,1249,1307509,"New Mexico",9866,139,235,51,3137,1440,331,130,312,868,65,81,192,487,763,382,283,297,486,287,288,240,773,225,184,643,165,266,428,36,727,483,855,1644,408,4464,167,1866,678,2884,920,5872,71,1133,94,546,181,372,4359,386,2825,141,421,110,61,36,102,335,1622,239,1719,885,344,1075,849,1529,2068,232,278,441,314,165,761,83,133,50,45,165,178,165,165,165,60,165,45,165,717,97,1483,791,370,504,1072,686,77,52,64,165,116,564,216,367,222,165,161,165,342,7072
"G360","2008-2010",,,"New York","36",,,,,,,,,,,,,,,,,,"New York",22696270,11051,50146,941,675446,153821,25346,3056,5746,33935,12826,5303,14281,29290,24038,23835,932,7510,88080,1227,13900,27634,55320,7515,886,50920,587,2284,26704,1787,53464,23741,34678,270215,92574,1146686,3441,162597,16893,491218,130025,2208763,479,162755,129655,158346,1480,27803,2553413,36692,2704089,8788,48070,749,8813,7137,1089,10629,85065,13032,999178,51394,55636,472602,12501,76575,221759,9052,9741,36279,5005,438,241378,729,6663,24436,1217,2669,31739,3769,1779,3493,4675,2069,558,842,134128,22612,132360,39154,29071,132438,90084,801041,2152,26148,7366,614,49954,2183,186226,304137,92382,2673,125310,1896,29224,7458455,"New York",29747,2221,5074,286,11999,6687,3102,812,1793,2733,1993,1109,1716,3337,3311,2113,383,981,2572,395,1294,2848,2624,1057,402,2911,218,448,2112,445,2837,2076,2274,6268,4408,10934,614,5966,1268,7112,4466,16399,227,5875,6324,5703,539,2502,18315,3246,16980,1046,2360,275,2140,1281,401,1230,3055,1731,10581,3474,3878,7512,1335,2885,4335,1312,1256,1763,861,212,8299,252,1477,2690,472,938,3699,1227,891,1326,1038,766,268,497,5729,2889,4295,2190,2513,4437,2781,11721,789,1778,1345,220,3287,717,6160,9563,4995,785,5801,727,2446,21043
"G370","2008-2010",,,"North Carolina","37",,,,,,,,,,,,,,,,,,"North Carolina",9786404,856,746,176,1064913,31623,3481,311,1922,10521,1744,2318,2026,6189,3111,4165,171,2106,12038,225,5706,4762,40011,1797,1610,15333,65,1610,4545,201,18816,4908,15015,116333,6596,965874,405,99442,6485,169204,32609,1084184,367,26744,2403,24906,1083,5099,879809,911,289519,1685,9070,140,193,622,502,4525,44962,2627,130862,13087,8392,43403,7650,284036,247962,2275,3217,10580,1828,22,84499,654,3064,1238,1960,2299,6361,130,739,1348,2469,2210,47,104,57516,4360,53705,15535,3459,15848,54062,33720,1405,1073,461,179,793,833,6102,12674,2708,137,7330,25,5243,3759322,"North Carolina",23697,916,326,99,16570,2610,918,210,856,1406,678,912,747,1498,763,967,107,542,1109,137,938,1064,2107,534,541,1583,59,431,689,146,1620,678,1405,4292,869,12843,199,4008,1012,5556,2236,12492,186,2036,878,1672,599,1018,11160,370,6649,457,1137,103,135,316,251,696,2766,455,4457,1651,1519,3173,927,6284,5673,549,633,1173,409,36,5475,551,886,517,872,842,1695,116,480,865,890,950,54,107,4308,1229,2719,1211,862,1696,2975,3542,596,464,259,187,454,607,1508,1822,856,119,1528,40,1247,14848
"G380","2008-2010",,,"North Dakota","38",,,,,,,,,,,,,,,,,,"North Dakota",898943,0,100,24,17932,1401,109,202,18,545,0,0,251,122,154,627,15,135,1155,269,916,110,1336,404,0,1327,3,55,280,0,12623,1401,8311,8895,66,30679,62,2895,3975,27685,11398,309763,740,483,0,2680,2716,5,53647,0,7868,131,231,292,5,0,33,443,200027,194,16323,870,571,24839,9180,4998,8451,154,167,247,78,0,2969,0,70,0,71,123,187,0,0,534,36,82,113,0,1570,183,30862,2286,64,3243,1957,314,9,6,0,0,0,0,23,97,56,18,105,0,1002,77031,"North Dakota",4561,119,114,37,1735,406,170,235,28,205,119,119,146,116,151,583,24,72,323,389,235,101,734,320,119,360,5,45,172,119,1036,298,845,905,71,1795,60,652,465,1855,932,3692,218,222,119,472,400,8,2725,119,1037,120,126,122,8,119,41,195,3692,104,1328,542,272,1543,1099,627,857,75,131,93,65,119,485,119,79,119,66,145,221,119,119,333,37,89,166,119,421,180,1644,373,91,556,520,162,14,9,119,119,119,119,37,72,82,28,96,119,559,1795
"G390","2008-2010",,,"Ohio","39",,,,,,,,,,,,,,,,,,"Ohio",13299960,559,4155,704,866211,67365,4776,1716,2738,30208,1573,5540,5859,9669,5286,4808,328,2147,27121,47,9944,2585,39621,2579,617,15043,1063,1917,41958,63,71702,18480,17234,201610,12003,1083305,690,102069,19016,275543,30596,3170559,497,56780,1636,207113,658,4798,1670304,1582,750112,2423,23750,731,4108,555,281,4381,43603,31555,456852,9492,30229,80705,8096,123014,221760,17003,8573,141538,54056,32,107618,370,6119,2769,1352,859,5099,688,844,12288,1511,306,103,398,70896,4016,78499,76364,5622,47256,133560,17430,556,535,104,180,560,848,2703,9229,648,52,1935,80,12262,2773490,"Ohio",26566,600,1189,248,13740,4384,1141,873,976,2115,566,1413,1019,1569,1132,818,201,676,1710,57,977,848,2042,605,173,1214,331,487,2044,56,2836,1463,1503,5619,1344,12314,243,3886,1600,6087,2345,17048,234,3200,654,4817,249,838,14821,486,10208,486,1693,335,679,384,157,726,2372,3125,7771,1720,2385,3528,943,3413,5312,1653,1021,4398,2827,38,5594,205,1488,955,484,487,1163,493,962,2315,471,277,128,371,4264,1166,2881,3077,1086,2741,3698,2669,359,389,97,142,332,363,1075,1738,276,48,547,69,1578,14682
"G400","2008-2010",,,"Oklahoma","40",,,,,,,,,,,,,,,,,,"Oklahoma",3982864,0,582,0,342237,10551,628,207,625,4640,404,317,1287,1138,1305,828,16,1047,3045,240,1371,825,12036,889,1333,3613,68,311,647,0,17522,3135,8443,79381,730,317359,91,59214,2020,84429,10109,568609,418,5774,47,5388,383,3756,483478,167,63804,379,1609,153,138,132,72,1347,23601,2137,31044,4127,1394,11238,3800,45458,67990,524,669,1606,340,0,15353,234,392,501,662,447,2297,20,0,0,234,777,130,16,8793,850,27352,7178,908,2716,19133,23921,354,36,168,0,113,21026,407,1208,130,0,468,11,597,1594052,"Oklahoma",12907,143,396,143,6387,1478,354,221,398,848,257,249,511,626,486,267,26,316,561,130,304,600,1237,442,571,636,110,147,299,143,1345,531,969,2797,324,5970,75,3353,477,3282,1215,7851,259,1134,51,752,232,1026,7426,90,3108,206,369,101,164,127,73,394,1650,634,2253,817,460,1399,615,2159,2450,397,280,499,165,143,2110,216,347,286,496,365,674,33,143,143,182,993,132,27,1445,416,1972,1049,365,648,1483,1654,239,43,181,143,132,1521,247,621,105,143,260,19,249,10573
"G410","2008-2010",,,"Oregon","41",,,,,,,,,,,,,,,,,,"Oregon",4603217,247,322,276,181144,16215,1951,422,224,4323,463,725,1516,4013,2578,2592,86,1732,11445,2466,5291,1222,21643,2148,505,14883,38,1190,5129,22,21427,4683,43389,93151,4924,497140,581,87032,23154,137665,27780,819899,136,13514,168,13934,1725,4921,491050,819,145540,1616,4974,466,221,251,516,9832,155970,2547,65558,21093,10178,51204,23650,60535,127817,1209,1644,3623,1179,26,16282,80,1620,99,292,299,636,0,39,2183,834,198,0,0,9392,610,117019,30520,1607,22044,41813,3952,96,89,117,0,72,501,858,1287,81,21,742,88,4821,1119822,"Oregon",19351,204,268,129,5262,2433,892,366,180,1216,315,483,586,1342,803,751,71,406,1194,466,640,549,1490,956,268,1213,43,297,838,37,1615,750,2621,3669,878,7278,236,4182,1671,3950,1586,9100,96,1472,141,1733,492,991,7264,323,5238,544,651,180,151,153,204,1020,5071,526,3100,2209,1307,3264,1673,2439,3911,450,459,631,304,43,1977,116,665,95,200,243,316,161,61,1028,519,181,161,161,1670,287,3882,1859,705,3159,2113,799,70,82,178,161,60,209,414,417,74,34,388,104,918,9293
"G420","2008-2010",,,"Pennsylvania","42",,,,,,,,,,,,,,,,,,"Pennsylvania",15653064,1417,9695,459,532572,64206,8296,1191,808,18799,3008,2773,15210,7933,6188,10228,394,3213,57688,758,9749,8522,38092,2365,502,13518,2232,1707,49433,531,55962,24201,18799,260120,23284,1039485,1126,86195,9266,235258,30324,3500812,448,65991,3306,141677,835,4909,2258850,3392,1555307,3554,81334,598,1170,851,366,4950,42708,169586,867626,19131,19162,201347,8259,173110,204426,19831,16753,238188,16819,34,85407,307,3555,2014,1470,7397,6541,425,1515,406,1748,492,82,236,54297,4922,109454,69039,5837,115724,185508,64900,626,2424,942,225,1786,350,18172,26044,6363,821,7047,100,12184,2788380,"Pennsylvania",24657,581,1646,145,10091,3799,1478,626,513,1674,773,1042,1720,1505,1295,1042,184,712,2099,349,974,1543,2102,574,181,1547,412,401,2626,288,2631,1486,1567,5658,1726,10334,324,3919,1055,5992,1946,16399,234,3000,761,3814,300,939,15057,808,12860,580,3112,258,352,308,198,937,2377,5331,10535,1752,1474,5323,1129,3716,4044,1412,1244,5401,1179,39,4864,218,1190,686,641,1972,1553,398,686,434,585,250,75,164,3422,1181,3360,2600,877,3728,5277,4993,261,619,755,143,557,235,2954,2777,1514,590,1414,83,1465,14506
"G440","2008-2010",,,"Rhode Island","44",,,,,,,,,,,,,,,,,,"Rhode Island",1362190,0,217,31,22844,8403,488,23,317,3254,161,40,2895,862,363,6963,231,315,1998,0,1115,1525,2673,242,0,5029,0,270,218,0,1264,662,2257,5746,1714,135399,57,3944,1776,131536,48809,62109,72,7933,76,2569,51,549,207448,70,201293,124,4531,0,0,89,95,472,4691,156,42450,100686,754,10740,653,5586,21550,117,41,922,161,0,30996,20680,148,1012,54,2628,1251,312,62,0,108,87,0,0,3636,1018,18573,1140,795,2850,2822,5917,0,686,36,45,211,0,2431,1114,479,115,800,0,229,237642,"Rhode Island",6818,168,168,45,1638,1271,259,37,365,626,143,65,730,473,171,1342,235,173,416,168,373,492,572,216,168,642,168,183,131,168,359,284,664,813,400,4148,47,798,460,4164,2168,2858,118,1123,117,598,47,298,5110,59,3852,66,844,168,168,88,154,279,642,124,2538,4173,194,1259,269,813,1584,83,48,403,163,168,2057,2076,142,661,65,998,648,175,98,168,76,84,168,168,913,532,1863,384,449,502,503,1048,168,527,42,73,130,168,711,414,339,190,470,168,161,3765
"G450","2008-2010",,,"South Carolina","45",,,,,,,,,,,,,,,,,,"South Carolina",4656749,0,918,153,580539,11355,1590,86,785,4521,360,255,1226,1177,1355,1031,119,489,5458,146,2268,2375,16774,882,583,6411,30,676,2496,49,7769,2336,6426,43544,1802,418778,88,38950,4089,88716,14767,468593,117,14274,468,10734,174,1298,443877,801,124488,648,4161,62,193,225,26,1773,16233,2108,61135,5221,3242,14902,3953,124594,94941,1379,1547,5229,1038,21,47028,675,626,156,516,307,629,95,32,259,803,60,39,0,42182,649,21331,8921,1443,6120,22438,11035,771,248,218,231,258,236,1217,4440,1047,52,2244,73,1126,1869835,"South Carolina",14187,168,418,143,11112,1906,655,81,607,803,180,230,459,528,819,320,103,182,688,146,461,725,1392,332,205,946,47,291,542,47,1024,614,796,1987,533,8642,66,2746,773,3703,1409,8743,93,1275,278,1191,125,547,7516,518,4782,289,626,62,124,212,44,477,1459,1008,2973,887,870,1234,705,3532,3561,662,544,639,301,34,3591,480,519,100,339,312,399,153,39,410,315,54,62,168,3334,336,1671,1168,551,1050,1517,1893,475,148,152,200,139,110,529,1143,446,50,678,71,378,9766
"G460","2008-2010",,,"South Dakota","46",,,,,,,,,,,,,,,,,,"South Dakota",1020254,52,0,62,28821,1791,31,125,10,805,40,0,382,207,191,334,0,87,1325,94,1676,114,1096,116,41,438,0,220,659,0,19340,2102,19135,38417,71,56387,62,6016,4012,23633,3939,347191,161,1108,0,1225,221,53,88805,33,9715,143,613,781,60,21,3,534,117918,709,12443,720,203,13093,6412,5777,10199,271,75,245,131,0,4741,0,1061,0,76,105,14,0,0,446,64,903,0,0,1793,279,31492,2826,196,1423,4711,490,0,0,138,0,0,0,25,318,0,2,7,0,1178,144294,"South Dakota",7407,59,127,47,2325,531,35,154,29,391,33,127,150,117,233,337,127,79,410,100,440,90,317,99,35,207,127,152,491,127,1469,367,1440,1995,93,2211,82,957,721,1480,562,4847,137,312,127,315,144,40,2851,33,1259,80,356,191,80,28,5,250,3429,242,1070,258,137,1358,880,676,1062,212,55,169,95,127,831,127,542,127,115,172,21,127,127,366,73,854,127,127,702,325,1876,507,195,555,643,314,127,127,169,127,127,127,45,264,127,4,11,127,705,2714
"G470","2008-2010",,,"Tennessee","47",,,,,,,,,,,,,,,,,,"Tennessee",6298541,369,266,28,1028729,25986,5558,4354,602,4507,121,1480,859,4005,4500,1491,105,998,6282,96,2609,1508,25642,294,1650,5956,76,1051,1656,11,10246,2159,9755,85489,2536,649691,229,60839,3862,116606,15301,664625,190,12109,584,12290,344,3760,719704,1072,135212,595,5500,186,150,117,227,2391,27799,1733,67076,5887,4519,19156,5464,161128,143592,692,1615,4066,878,63,46706,113,4063,164,844,225,2532,47,44,2582,735,1490,33,161,31000,2673,35638,10609,1239,6851,37089,8793,498,218,209,0,197,1945,2100,1951,353,82,1225,15,2865,2084511,"Tennessee",22117,330,214,38,13899,3160,1699,2002,312,1108,83,722,324,1001,1231,458,112,411,954,71,575,610,1928,177,523,721,95,382,328,19,1341,429,1161,3476,565,10669,152,3479,739,4789,1299,9413,117,1268,329,1399,192,1065,11114,619,5268,216,1041,123,132,93,121,603,1770,495,3531,1022,1450,1592,947,4831,4819,241,669,755,367,101,3648,95,1454,126,505,199,873,59,70,1027,337,870,55,168,2984,867,2209,1109,417,1135,2261,1361,274,229,182,165,141,665,854,462,195,79,611,23,691,13067
"G480","2008-2010",,,"Texas","48",,,,,,,,,,,,,,,,,,"Texas",26642107,2480,4552,2806,1310224,102012,8615,4483,6600,34096,2920,6063,8604,17828,12803,5476,372,6345,26186,1783,11508,14488,80229,2553,21858,31706,157,3613,9157,95,213307,23425,52131,237464,10461,1753111,1162,196720,15136,567626,73064,2675691,849,44736,1627,35222,1740,32027,1912292,6541,472888,2356,15089,1218,964,877,1123,10407,131590,5454,272318,28220,14165,82019,23078,288487,382438,3565,3999,10482,4160,26,239572,728,13408,3613,6128,1147,46077,365,866,3081,3049,2537,315,979,147870,9409,159084,32792,10166,19308,103052,65138,1310,1399,4208,656,2236,15662,6651,19553,5580,560,7047,276,10868,14755272,"Texas",33942,991,1661,692,14062,5606,1628,1477,1533,2654,896,1227,1563,2417,1892,926,206,1036,2016,464,1172,1914,3158,542,1828,2426,114,584,1137,72,6469,1756,2715,6166,1142,16689,487,7176,1638,9545,2983,18704,322,2743,499,2526,500,3008,18005,1665,8604,494,1538,360,374,283,473,1151,4753,936,6666,2085,1639,3601,1779,6203,7415,789,690,1036,750,41,8365,501,2454,1192,1404,562,3965,228,693,1365,550,1103,191,402,6432,2696,5146,2151,1689,1822,3463,3550,616,539,1580,624,628,1682,1286,2006,1211,401,1194,186,1734,28685
"G490","2008-2010",,,"Utah","49",,,,,,,,,,,,,,,,,,"Utah",3212182,102,531,33,168500,4944,45,282,228,2011,4,412,248,746,968,1996,0,2018,5534,1408,2076,4621,38210,470,181,9585,0,676,2533,0,7023,2180,153300,66206,1006,720721,366,102496,5180,57907,6167,325328,93,13499,0,4308,3686,1614,167819,249,75870,248,1929,115,45,157,579,5514,65457,233,23268,4407,1902,10703,33874,20223,124580,1601,974,1686,762,0,9872,63,208,310,94,148,345,0,126,1445,577,1130,78,47,4414,887,108407,35385,1194,3206,57844,1600,181,0,50,0,52,53,317,492,92,0,363,0,5778,732203,"Utah",13754,121,394,36,6121,1048,42,299,152,601,7,367,168,300,586,667,154,546,1021,529,600,1289,2734,206,143,1317,154,387,764,154,1240,837,4825,2717,330,9201,453,5315,769,3342,864,7282,110,1653,154,858,862,449,5876,165,3578,228,438,77,55,156,239,848,3260,111,1714,795,608,1116,2483,1918,4409,744,396,496,249,154,1847,72,154,214,105,165,353,154,165,1120,243,907,95,54,1131,561,4229,2224,659,555,3257,485,173,154,47,154,55,65,185,257,126,154,246,154,1193,8021
"G500","2008-2010",,,"Vermont","50",,,,,,,,,,,,,,,,,,"Vermont",769151,17,333,45,39274,2580,48,283,4,1665,34,57,355,120,14,579,9,109,2199,161,520,242,4157,102,130,5966,17,271,194,60,2437,618,2157,10085,1656,111649,22,8972,2049,93608,52118,64793,43,2599,29,2860,76,220,110451,77,46225,298,2243,22,22,30,20,1185,5441,225,25433,3261,777,8803,934,7360,29482,323,236,971,490,0,1652,68,319,11,21,0,32,0,0,381,102,79,20,0,450,169,10411,2126,308,1950,7163,580,0,8,23,0,0,0,93,282,28,0,146,0,1686,86010,"Vermont",5802,21,244,39,2051,709,51,413,6,382,34,47,208,99,15,210,9,101,458,130,186,143,555,69,108,741,26,163,91,78,470,201,392,955,390,2498,17,1104,382,2502,2506,2407,56,439,32,461,63,155,3032,67,2033,173,454,28,37,39,23,322,725,109,1509,519,279,943,279,745,1738,262,120,283,237,123,425,56,278,17,25,123,51,123,123,196,66,111,29,123,180,172,1007,376,239,434,834,220,123,13,38,123,123,123,85,151,21,123,149,123,766,2459
"G510","2008-2010",,,"Virginia","51",,,,,,,,,,,,,,,,,,"Virginia",8668148,12897,2830,310,838013,56010,7346,1993,1254,15376,5528,2424,2899,9705,9485,5699,379,2491,16612,228,5166,5145,49073,1665,1126,15358,97,1749,6304,209,24231,5664,18434,87720,9971,917187,1053,107870,7688,164732,32039,993616,437,35225,2234,29004,811,19744,841179,1517,320188,2110,13539,536,647,410,839,6891,50324,3557,155199,14682,8304,53086,9688,148301,186403,3841,3281,14873,3049,26,172580,942,19525,9803,1313,2131,6289,195,1687,4142,1455,3327,686,53,115307,5725,60290,20735,8875,19044,58904,39499,538,880,1770,250,1407,465,6012,16567,4403,609,6412,186,6165,2960565,"Virginia",20821,2354,874,178,12713,4229,1466,923,557,1682,1343,632,639,1904,1730,1082,253,489,1300,131,838,977,2544,446,413,1601,76,556,889,109,1875,743,1437,3322,1081,9815,364,4188,1122,4261,2005,10886,200,2296,582,1699,357,2333,9302,475,6944,535,1536,220,352,232,337,907,2672,769,5057,1600,1049,2618,985,3960,4985,783,591,1398,692,31,7175,426,2620,2134,593,1106,1504,226,870,1607,392,1378,613,85,7103,1573,2768,1507,1679,1365,3097,4129,331,353,884,183,565,226,1477,3171,1290,342,1404,167,1383,16265
"G530","2008-2010",,,"Washington","53",,,,,,,,,,,,,,,,,,"Washington",8229488,878,838,131,268379,21852,3210,833,806,7557,676,1401,2021,3085,2263,6226,317,4785,19499,2496,8470,3271,42900,3560,969,32018,63,2819,13689,71,31141,8216,72082,160211,8300,779179,1675,145191,48499,249330,53716,1328553,606,24748,169,24016,6697,10168,810531,1412,238942,3574,10810,1660,253,499,895,21202,389982,3249,127291,22890,17083,86736,47937,100009,210845,2251,3782,5999,2501,72,57298,213,13434,755,2748,4,2553,59,75,9341,1479,399,260,72,23385,2521,241920,37728,5406,51538,70985,9958,91,371,582,26,231,334,1534,4629,765,47,1318,30,12287,2246235,"Washington",18901,492,366,131,6151,2386,1003,417,582,1053,313,701,666,880,734,1078,192,768,1486,472,949,764,2122,828,305,2594,59,559,1165,107,1631,1217,3050,4776,1146,9006,517,5293,2648,6390,2999,12901,207,1931,101,1865,1125,1660,9241,517,6518,702,1441,596,138,436,416,1640,8774,541,4292,1685,2073,4836,2404,3349,5201,542,652,821,449,116,3934,181,2257,367,910,8,1028,97,72,2278,514,328,191,66,2491,704,6685,1954,1202,3595,3224,1452,79,316,453,40,163,183,554,1014,394,77,564,37,1456,11719
"G540","2008-2010",,,"West Virginia","54",,,,,,,,,,,,,,,,,,"West Virginia",1809382,0,15,29,225485,5909,383,28,36,2918,69,93,983,499,900,317,35,122,2068,48,1283,129,4059,149,140,1078,0,195,2630,34,3532,1426,1674,44365,561,219561,28,11844,952,31439,3351,360156,60,5358,80,10577,7,228,285268,55,86448,192,2009,26,68,40,16,477,3895,1154,33734,794,798,6416,990,42211,39277,1577,1272,4176,513,0,4014,28,242,14,272,70,120,0,0,0,6,0,20,0,3067,175,8260,3904,793,1905,14127,1746,33,0,17,29,88,625,17,776,39,21,101,0,934,323369,"West Virginia",12190,154,24,40,6155,1022,283,46,57,545,57,84,406,268,444,217,42,89,479,57,355,79,620,113,111,294,154,151,664,53,523,404,479,2249,223,5086,34,1509,396,1780,812,6905,59,919,73,1265,10,120,5708,53,3717,157,538,36,56,48,25,186,740,401,2055,261,295,1036,276,2487,2733,474,392,718,248,154,668,35,202,26,255,120,81,154,154,154,9,154,33,154,522,134,1003,577,523,564,1311,484,40,154,29,47,116,258,27,340,49,34,85,154,273,6216
"G550","2008-2010",,,"Wisconsin","55",,,,,,,,,,,,,,,,,,"Wisconsin",7315160,15,2623,252,166364,11616,677,146,622,3413,659,1390,1137,1882,1690,3411,97,1504,27441,189,58592,1441,11409,926,152,7065,61,364,15636,69,98667,9328,66439,151337,2934,364154,472,45581,40320,207660,58444,2471901,989,19772,12,26629,740,1435,656467,595,205328,2796,14957,6425,327,76,243,4476,455790,8791,528659,3002,4750,40416,20024,26564,64205,8725,3051,13368,9141,20,26718,8,599,551,283,438,1606,20,10,895,645,257,43,45,20737,581,155330,59311,1448,9386,28234,5233,130,175,273,8,230,318,746,2812,80,22,439,0,6071,1069192,"Wisconsin",16020,25,708,96,4497,1880,276,153,476,710,369,746,354,495,654,685,83,339,1438,100,2105,379,1079,305,99,767,46,156,1353,61,2908,930,2788,3341,504,5414,173,2735,1962,4373,2576,11884,525,1608,13,1957,245,443,8887,275,5458,603,958,661,183,61,147,791,6879,1253,6537,670,759,2048,1533,1431,2319,1299,466,1240,1291,27,2343,12,222,454,299,283,568,31,12,582,268,278,51,57,2232,279,3723,2179,483,924,1560,1104,124,119,201,12,169,278,380,754,66,35,211,123,890,6784
"G560","2008-2010",,,"Wyoming","56",,,,,,,,,,,,,,,,,,"Wyoming",694922,5,18,0,40055,619,25,0,65,382,0,17,130,0,0,102,42,228,1277,1484,724,38,1563,219,44,752,0,296,366,0,5034,839,10747,13009,224,86515,105,8748,2522,18955,2955,156236,66,2377,0,1991,345,184,82825,90,19145,31,403,52,0,0,71,860,19176,489,12051,1358,239,4793,2738,9601,21528,148,589,593,381,0,244,0,0,0,0,0,10,0,0,0,65,0,0,0,169,0,18743,3579,369,711,6209,135,0,3,0,0,0,0,0,88,0,0,44,0,678,128409,"Wyoming",5994,8,24,154,2731,286,41,154,104,211,154,29,149,154,154,90,61,161,357,614,260,59,346,204,51,240,154,172,167,154,786,330,1096,1200,129,3038,84,1243,645,1466,538,3791,73,585,154,492,260,186,3582,142,1768,35,177,55,154,154,77,308,1679,215,1364,526,134,749,624,1081,1840,87,271,262,185,154,179,154,154,154,154,154,19,154,154,154,102,154,154,154,128,154,1473,750,555,259,805,90,154,5,154,154,154,154,154,79,154,154,54,154,202,2912
"G720","2008-2010",,,"Puerto Rico","72",,,,,,,,,,,,,,,,,,"Puerto Rico",,,,,,,,,,,,,,,,,,,,,,,,,,,,,,,,,,,,,,,,,,,,,,,,,,,,,,,,,,,,,,,,,,,,,,,,,,,,,,,,,,,,,,,,,,,,,,,,,,,,,,,,,,,,,"Puerto Rico",,,,,,,,,,,,,,,,,,,,,,,,,,,,,,,,,,,,,,,,,,,,,,,,,,,,,,,,,,,,,,,,,,,,,,,,,,,,,,,,,,,,,,,,,,,,,,,,,,,,,,,,,,,,
